firstName,lastName
James,Jackson
Richard,Williams
Becky,Smith
Kelly,Jordan
Corey,Johnson
Katherine,Davis
Christopher,Rangel
Dennis,Figueroa
Daniel,Harris
Jennifer,Bailey
Arthur,Stephenson
Brandon,Haley
James,Cantrell
Michelle,Schroeder
Amanda,Wells
Larry,Reyes
Brandon,Wagner
George,Johnson
Brett,May
Rachael,Farrell
Veronica,Parker
Barbara,King
Michael,Clark
Cory,Smith
Phillip,Singh
Charles,Maxwell
Matthew,Morris
Michael,Edwards
David,Williams
Robert,Carter
Janet,Cordova
Cynthia,Diaz
Jessica,Boyle
Daryl,Johnson
Tricia,Herrera
Marissa,Owens
Jason,Martinez
Natalie,Kent
Beth,Grant
Elizabeth,Walker
Cynthia,Lee
Billy,Fleming
Margaret,May
Abigail,Wilson
Crystal,Adams
Daniel,Perez
Cody,Evans
Susan,Lopez
Susan,Singh
Caitlin,Gonzalez
Christine,Pineda
Vanessa,Graves
Tamara,Brady
Andre,Lucas
Kyle,Brown
Kevin,Charles
Nancy,Riley
Jeffrey,Ferguson
Laura,Manning
Eric,Knox
Gerald,Mills
Susan,Monroe
James,Lee
William,Griffith
Kyle,Thompson
Jessica,Wyatt
Shannon,Lee
Christopher,Wells
Justin,Conway
Andrea,Baxter
Marc,Anderson
Molly,Day
John,Stephens
April,Carter
John,Garcia
Charles,Dawson
Sharon,Powell
Kimberly,Reid
Barbara,Taylor
Angela,Washington
Mario,Lamb
Raymond,Nolan
Richard,Mcguire
Kimberly,Carson
Dawn,Williams
Grant,Green
Julie,Alexander
David,Lee
Tami,Brown
Samantha,Harris
Stephanie,Collins
Taylor,Evans
Alexander,Henry
Patricia,Nixon
Kenneth,Fox
Brendan,Jones
Jonathan,Williams
Brandy,Lambert
Rebecca,Berry
Adrienne,Fisher
Veronica,Garcia
Sandy,Buckley
Mary,Rodgers
Jacob,Collins
Aaron,Martinez
Sara,Hayes
Alyssa,Swanson
Jack,Moore
Daniel,Fox
Jennifer,Scott
Lisa,Brooks
Anthony,Becker
Timothy,Campbell
Lindsey,Miller
Linda,Lambert
Regina,Baldwin
Alexis,Martin
Jamie,Pace
Tammie,Aguilar
Elizabeth,Anderson
Jeffrey,Stanley
Eric,Roberts
Benjamin,Castro
Heidi,Martin
Bryan,Bryant
Daniel,Holt
Paul,Cox
Holly,Avila
Kelly,Carrillo
Kaitlyn,Goodwin
Sonya,Burke
Selena,May
William,Kim
Megan,Zuniga
Todd,Mcguire
Brenda,Davis
Richard,Johnson
Victoria,Barnes
Travis,English
Billy,Williams
Angela,Adkins
Jonathan,Kim
Richard,Christensen
Stephanie,Mcdaniel
Kimberly,Lopez
Jessica,Page
Courtney,Jenkins
Christopher,Parsons
Monica,Chang
Crystal,Campbell
Dalton,Todd
Joshua,Roberts
Catherine,Taylor
Michele,Bruce
James,Smith
Alan,Bonilla
Mark,Stuart
Jennifer,Taylor
Gary,Lee
Colleen,Nelson
Antonio,Bean
Evan,Mills
Charles,Hardy
Jonathan,Kaufman
Mark,Davis
Christian,Dawson
Anthony,Flores
Patrick,Ryan
Samantha,Porter
Amber,Olson
Tyler,Alexander
Jay,Martin
Kenneth,Long
Jessica,Arnold
Mary,Brown
Melanie,Roberts
Jason,Garcia
Heather,Kim
James,Hopkins
Heather,Burch
Carmen,Carpenter
Michael,Turner
Tina,Bruce
Amy,Allison
Molly,Garcia
Brittany,Underwood
Brian,Peterson
Stacy,Swanson
Stephanie,Powell
Kristi,Miller
Danielle,Ryan
Julie,Williams
Caitlin,Galloway
Nancy,Scott
Timothy,Benitez
Lisa,Brown
Eric,Johnson
Ronald,Boyd
Michael,Williams
Melinda,Brooks
Mariah,Lowe
Katrina,Roberts
Mary,Harper
Jose,Acevedo
Mark,Boyd
Ryan,Jones
Destiny,Roberts
Steven,Fernandez
Justin,Mccall
Bradley,Hill
Melissa,Garcia
Justin,Garner
Sheena,Reynolds
Robert,Watson
James,Carter
Daniel,Sanchez
Mason,Rice
Brandon,Jenkins
Virginia,Young
April,Anderson
Robin,Gay
Andrew,Warner
Sheila,Jackson
Nathan,Brown
Raymond,Hunt
Taylor,Cunningham
Johnny,Jennings
Kevin,Owens
Tamara,Gilbert
Lee,Torres
Melissa,Mendoza
Bryan,Hall
Morgan,Freeman
Jessica,Barnett
Cynthia,Briggs
Sean,Howell
Andrew,Brown
Albert,Herrera
Melanie,Walker
Keith,Cooper
Richard,Walls
Lori,Joseph
Nicole,Ruiz
Patricia,Bennett
Scott,Dillon
Heather,Delgado
Stacy,Rodgers
Paul,Adams
Michael,Hicks
Arthur,Hodge
Jose,Miller
Julia,Johnson
Sara,Garcia
Diana,Johnson
Christopher,Houston
Alicia,Arnold
Colleen,Nelson
Nicole,Murillo
Corey,Johnson
Dustin,Mckenzie
Kenneth,Robbins
Kevin,Jones
Joshua,Harper
Calvin,James
Stacey,Marshall
Felicia,Henderson
Melissa,Rodriguez
James,Sanchez
Cynthia,Stevenson
Peggy,Fisher
Holly,Brown
Matthew,Perry
Jasmine,Walker
Megan,Young
Matthew,George
Cody,Anderson
Jenny,Atkins
Jason,Pierce
James,Carr
Pamela,Cardenas
Thomas,Kelley
Jamie,Nunez
Tiffany,Carey
Hector,Watkins
Hunter,Travis
Ebony,Maldonado
Hannah,Beck
Jeffery,Carey
Gerald,Smith
Leah,Cohen
Jason,King
Billy,Harper
Steve,Smith
David,Gutierrez
Caroline,Schmidt
Charlene,Gregory
Darrell,Mayer
Michelle,Little
Christy,May
John,Smith
Cody,Lawson
Allison,Reed
Tiffany,Durham
Victoria,Lucas
Guy,Jimenez
Jocelyn,Scott
Autumn,Marshall
Diane,Wilson
Brian,Guzman
Kristen,Jennings
Charles,Meyer
Jeffrey,Anderson
Darius,Goodwin
William,Jennings
Tara,Miller
William,Leonard
Michelle,Gutierrez
Peter,Taylor
Laura,Barry
Theresa,Nguyen
Alexander,Zamora
Albert,Mason
Joseph,Nixon
Holly,Villa
Charles,Rogers
Martin,Miller
Deborah,Gray
Steve,Jackson
Erica,Garcia
Henry,Thompson
Andrew,Watkins
Michael,Lee
Sandra,Yang
Brian,Ford
Jason,Frederick
Jennifer,Ortega
Joshua,Hopkins
Wendy,Banks
Jean,Turner
William,Howard
Katherine,Rasmussen
Cody,Martin
Vincent,Miller
Martha,Wood
Crystal,Griffin
Angela,Maxwell
Jennifer,Khan
Amy,Williams
Jessica,Farmer
Alexandra,Phelps
Hunter,Day
Ashley,Riley
Sherri,Pierce
Randy,Riddle
David,Campbell
Ann,Foster
Daniel,Young
Jennifer,Wheeler
Steven,Larsen
Roger,Potts
Brian,Myers
Kevin,Brown
Kyle,Russell
Audrey,Vance
Samantha,Burch
Rachel,Graves
Samantha,Dunn
David,Reese
Dawn,Turner
Jeremy,Reilly
Kimberly,Jones
Kathleen,Taylor
Shaun,Lindsey
Laura,Mccarthy
Patricia,Schmidt
Gabriela,Thompson
Thomas,Campos
Wendy,Hughes
Patrick,Malone
Steven,Evans
April,Kennedy
Edward,Washington
Kerry,Petty
Andrea,Frey
Rachel,Sellers
William,Whitehead
Gregory,Garcia
Kathy,Anderson
Jacob,Thomas
Andrew,Bender
Adam,Blackburn
Jacob,Hill
Gabriel,Mccoy
Benjamin,Cummings
Melanie,Townsend
Nicole,Long
Manuel,Johnson
Matthew,Gonzalez
Lindsay,Long
Amber,Park
Andrew,Cross
Yvette,Hall
Brian,English
Richard,Hunt
Ryan,Herrera
Alan,Weber
James,West
Julia,Shaffer
William,Ray
Mariah,Sullivan
Debra,Lopez
Patricia,Jones
Jonathan,Jones
Natalie,Martinez
Kristen,Martin
Donald,Parker
Marvin,Stewart
Sean,Brown
Jacob,Sweeney
Andrew,Kline
Tracy,Brady
John,Gillespie
Austin,Ross
Debra,Olson
Michael,Rice
Dennis,Whitaker
Jesse,Brown
Douglas,Gonzalez
Danny,Contreras
Lori,Clayton
Larry,Navarro
Matthew,Burton
Nicole,Sullivan
Brian,House
Beth,Wilson
Jillian,Page
Allison,Conner
Travis,Collins
Arthur,Rich
Michael,Hernandez
Michael,Delgado
Ryan,Manning
William,Taylor
Jacqueline,Johnson
Julia,Wright
Elizabeth,Moody
Edward,Ryan
Lauren,Shaw
Christopher,Johnson
Michael,Williams
Brian,Jones
Emily,Rose
Mark,Kim
Brandon,Holt
Melissa,Singh
Stephen,Cole
Ralph,Jones
Kelly,Novak
Hannah,Conley
Nicholas,Butler
Joshua,Olson
Kathryn,Walters
Joshua,Oliver
Kevin,Jenkins
Kiara,Marsh
Melissa,Murphy
Mark,Ibarra
Kathy,Baker
Jason,Gordon
Robert,Lawrence
Erin,Smith
Ryan,Hammond
Maria,Allen
David,Fleming
Travis,Lopez
Timothy,Rogers
Daniel,Erickson
Thomas,Walker
Sandra,Lopez
Derrick,Miller
Kevin,Vasquez
Brian,Prince
Kenneth,Johnson
Jennifer,Taylor
Charles,Bradley
Jamie,Smith
Richard,Phillips
Ryan,Bailey
Tiffany,Reynolds
Ronald,Olson
Sarah,Harris
Gina,Bailey
Joshua,Wiggins
Charles,Ryan
Jeffrey,Wagner
Alexander,Fuentes
Alisha,Levy
Jake,Hodge
Ariel,Oconnor
Tiffany,Lynch
Linda,Cooley
Kimberly,Jackson
Robert,Burns
Daniel,Weber
Zachary,Walker
Christopher,Edwards
Sarah,Johnson
Peter,Pittman
Bryce,Petty
Kaylee,Lopez
Anthony,Walsh
Steven,Clark
Nicole,Knight
Richard,Wright
Matthew,Smith
Valerie,Yu
Tina,Hill
Rebecca,Morrison
Logan,Moore
David,Hernandez
Karen,Walker
Joseph,Alvarado
Levi,Anderson
Susan,Myers
Jessica,Hill
Pamela,Fisher
Tyler,Rivera
Jeremy,Davis
Tina,Marsh
Joshua,Parks
David,Miller
Dustin,White
Jacob,Weaver
Christopher,Hunter
Andrea,Davis
Kevin,Jennings
Karen,Rice
Kristina,Richard
David,Anderson
Cassandra,Page
Janet,Zuniga
Zachary,Flores
Melissa,Ortega
Robert,Jacobs
Ricky,Baxter
Kimberly,Clark
Daniel,Smith
Robert,Nelson
Susan,Oliver
Beverly,Anthony
Kathleen,Anderson
Kevin,Harris
Kristina,Bentley
Barbara,Hansen
Shannon,Weiss
Grace,Mercado
Brian,Williams
Douglas,Lawrence
Emily,Frye
Harold,Johnson
Jillian,Tapia
Christopher,Colon
Adam,Elliott
Michael,Sanchez
Michael,Nichols
Tyler,Collins
Casey,Deleon
Kelsey,Ball
Terri,Martin
Christopher,Marshall
Patricia,Richardson
Christopher,Mayo
Lisa,Brown
Justin,Reyes
Michelle,Whitaker
John,Conley
Jason,Richard
Douglas,Taylor
Cassandra,Preston
Katelyn,Craig
Elizabeth,Gonzalez
Mary,Wong
Andrew,Miller
Tara,Shepard
Christina,Velasquez
Jade,Thomas
Michael,Williams
Brandy,Bradley
John,Wallace
Betty,Adams
Michelle,Harrison
Angela,Smith
Rebekah,Dennis
Kristina,Jackson
Charles,Mccoy
Ann,Gonzalez
Amy,Young
Shawn,Hopkins
Gregory,Bailey
Stephen,Thompson
Felicia,Galvan
Louis,Schneider
Robert,Lopez
Katelyn,Smith
Michelle,Roth
Phyllis,Riley
Keith,Macias
Amanda,Sparks
Ana,Holloway
Dale,Robles
Emily,Booth
Eric,Wolfe
Deanna,Tucker
Robert,Lamb
Jamie,Duffy
Ivan,Smith
Kayla,Gallagher
Thomas,Davis
Melissa,Walters
Austin,Doyle
Ronald,Roberts
Adrian,Young
Nicole,Mueller
Allison,Hardy
Megan,Vargas
Keith,Jarvis
Mark,Watson
Kevin,White
Cameron,Murillo
Anna,Armstrong
Louis,Burton
Jason,Fields
Michael,Deleon
Lauren,Woodard
Heather,Taylor
Jennifer,Wilson
Javier,White
Andrea,Gilmore
Zachary,Salazar
Colin,Wise
Melissa,Gibbs
Christina,Ayala
Chris,Smith
Rachael,Duffy
Kim,Martin
Alexandria,Baldwin
Lori,Jackson
Arthur,Friedman
Jeffrey,Harris
Kristen,Johnson
Rebecca,Sanders
Robin,Johnson
Theresa,Mccormick
Brian,Barber
James,Rice
Nancy,Cameron
Abigail,Hoover
Jennifer,Moore
Matthew,Reynolds
Dustin,Chambers
Jonathan,Hernandez
William,Hoover
David,Jones
Taylor,Orozco
Emily,Berry
Amber,Fox
Anthony,Mueller
Patrick,Simmons
Edward,Chang
Manuel,Brooks
Gregory,Boyd
Sergio,Gonzales
Keith,Rhodes
Manuel,Petersen
Veronica,Miller
Desiree,Marshall
Daniel,Morris
Annette,Ross
Jay,Bass
Susan,Davenport
Robert,Crawford
Seth,Jackson
Angela,White
Brandon,Moore
Patrick,Poole
Joe,Ross
Joshua,Mendez
Johnny,Haynes
Dustin,Henderson
Lynn,Long
Dorothy,Johnson
Michael,Patterson
David,Andrews
Shannon,Brown
Lynn,Guzman
Henry,Flynn
Philip,Davis
Nathan,Henson
Vincent,Evans
Derrick,Rivera
Dominique,Sanders
Joseph,Walker
Erin,Jimenez
Jose,Smith
Linda,Henderson
Kevin,Kelly
Sherry,Santiago
Rachel,Smith
John,Gillespie
Samuel,Colon
Latoya,Lee
Julia,Hughes
Shane,Hamilton
Sarah,Andrews
Anthony,Downs
Michele,Jones
Allison,Miller
Brenda,Kelly
Teresa,Gonzalez
Candace,Lee
Amanda,Bryant
Lori,Strong
Emily,James
Jeremy,Moreno
Joy,Becker
Michael,Harmon
Jeremy,King
Rhonda,Maxwell
Lori,Holt
Christopher,Lane
Erika,Robinson
Lucas,Johnson
Mary,Carter
Lindsay,Wright
Luis,Romero
Joseph,Clayton
Steve,Jacobs
Cheryl,Brown
Mark,Reed
Kimberly,Harper
Samantha,Edwards
Jason,Thompson
Kristen,Kelly
Troy,Cruz
Stacy,Long
Gina,Mendez
Joshua,Miller
Lori,Hill
Andrew,Farrell
Michael,Adkins
Benjamin,Holland
Emily,Johnson
Michael,White
David,Ryan
Robert,Bauer
Julia,Mckinney
Daniel,Combs
Warren,Washington
Chelsea,Carpenter
John,Richards
William,Jones
Caitlyn,Shannon
Julie,Patton
Kendra,Baker
Brian,Larsen
Travis,Bell
Joseph,Garcia
Derek,Boone
Shannon,Edwards
Vincent,Brown
Kevin,Owens
Jacqueline,Mcbride
Penny,Salinas
Tiffany,Green
Jessica,Turner
Stephanie,Simmons
Daniel,Young
Kevin,Snyder
John,Gray
Ashley,Duffy
Jason,Smith
Bailey,Coleman
Jorge,Thomas
Michael,Simmons
Allen,Bowen
Kenneth,Strong
Cristina,Allen
Lindsey,Bryant
Charles,Valdez
Erin,Taylor
Evelyn,Carter
Alyssa,Salazar
Austin,Jefferson
Michael,Taylor
Kenneth,Robinson
Christopher,Bass
Elizabeth,Salazar
Tammy,Jones
Austin,Henry
Carol,Smith
David,Ferguson
Jake,Lopez
Catherine,Johnson
Corey,Briggs
Scott,Medina
Matthew,Edwards
Danielle,Lane
John,Hudson
Angela,Johnson
Diana,Barker
Alicia,Washington
Kayla,Martinez
Robert,Kemp
Ashley,Thompson
Christopher,Martin
Lori,Ramos
Clinton,Buchanan
Brian,Bradley
Wendy,Brown
Joan,Randall
Michael,Hernandez
Julie,Ross
Brandi,Figueroa
Erika,Newman
Jacob,Douglas
Jesse,Williams
Emma,Weaver
Amanda,Holmes
Courtney,Baker
Stephen,Harris
Evan,Fletcher
Brenda,Hurst
Shannon,Larson
Jennifer,Allen
Colleen,Walker
Michelle,Perry
Angela,Merritt
Eileen,Cooper
Stephanie,Dickerson
Jo,Avery
Corey,Taylor
Danny,Smith
Brian,Chang
George,Warner
Annette,Miller
Tanya,Hunt
Cory,Velez
Christopher,Rangel
Eileen,Mcdowell
Theresa,Rodriguez
Lauren,Hensley
Jacqueline,Aguilar
Melissa,Stewart
Lacey,Gentry
Danielle,Lowe
Joseph,Wright
Derrick,Murray
Gary,Bell
Kevin,Smith
Bryan,Kaiser
Julie,White
David,Williams
Trevor,Murphy
Timothy,Elliott
Jennifer,Turner
Margaret,Walter
Anthony,Williams
Shawn,Gonzalez
Eric,Brooks
Todd,Santos
Jennifer,Townsend
Marissa,Pearson
Christopher,Davis
Beth,Bradshaw
Mary,Martinez
Jeremy,Mcmillan
Holly,Roberts
Shawn,Chambers
Mark,Green
Jose,Murphy
Joseph,Stafford
Chad,Curtis
Chase,Smith
Eduardo,Allen
Anthony,Marsh
Julie,Kline
Charles,Duarte
Samuel,Burton
Phillip,Beasley
Grant,Hicks
Anna,Durham
Emily,Forbes
Lindsay,Johnson
Cynthia,Perry
Shannon,Walter
Justin,Barker
Leslie,Stewart
Justin,Yoder
Christine,Bell
Sarah,Anderson
Brian,Cervantes
Kenneth,Jones
Sarah,Davidson
Harry,Ortega
Samuel,Lewis
Lisa,Flores
James,Parker
Ryan,Barnes
Diana,Gonzalez
Tara,Nunez
Jordan,Taylor
Katie,Rodriguez
Zachary,English
Susan,Coleman
Crystal,Davis
Lisa,Butler
Brian,Guzman
Holly,Rodriguez
Adam,Barnes
Anne,Harris
Sonya,Brown
John,Murray
Steven,Smith
Kevin,Hebert
Timothy,Jackson
James,Hicks
Ashley,Walker
Kara,Hall
John,Maldonado
David,Rodriguez
Steven,Luna
Amber,Richardson
Michael,Vaughn
Katherine,Henry
Christopher,Smith
Lauren,Murphy
Angela,Velasquez
Matthew,Hardy
Kathy,Moore
Jacqueline,Herrera
Gabriel,Weaver
Jacob,Vasquez
David,Miller
Megan,Peters
David,Armstrong
Crystal,Ray
Suzanne,Butler
Ashley,Jackson
Gregory,Ortega
Ashlee,Alexander
Stephanie,Warren
Roy,Anthony
Kimberly,Torres
Michelle,Marshall
Robert,Rivera
Craig,Johnson
Rebecca,Crawford
Janet,Golden
Annette,Williams
Joshua,Strickland
Michael,Franklin
Debbie,Brown
Crystal,Horn
Jeffrey,Smith
Chelsea,Davis
Kelly,Ross
Nathaniel,Carey
Anthony,Williams
Samuel,Gilmore
Jose,Anderson
Michael,Hicks
Beth,Butler
John,Stark
Glenn,Bird
Beth,Butler
Tami,Murphy
Adrian,Smith
Jessica,Rivera
Amanda,Malone
Ashley,Wilcox
Vincent,Espinoza
April,Gonzalez
Jennifer,Jones
Brian,Turner
Dylan,Kramer
Sandra,Weaver
Kelli,George
Christina,Hernandez
Brianna,Whitehead
Jared,Martinez
Jessica,Williams
Christine,Benson
Derrick,Williams
Richard,Cain
Alan,Charles
Eric,Singleton
Steven,Cruz
Amanda,Clay
Melanie,Sanchez
Timothy,Fleming
John,Turner
Todd,Barnes
Vickie,Howard
William,Powell
Eric,Aguirre
Patrick,Jones
Drew,Foley
Daniel,Rogers
Mitchell,Ward
Kevin,David
Linda,Rodriguez
Hunter,Marks
Dominique,Gross
Tracy,Moore
Megan,Taylor
William,Hill
Thomas,Ruiz
Brian,Sullivan
Christy,Best
Sarah,Powers
Randy,Franklin
Steven,Jimenez
James,Roth
Michael,Williams
Lisa,Fuentes
Brandi,Jones
Eric,Anderson
John,Harris
Maurice,Lopez
Matthew,Brown
Theresa,Smith
Kevin,Rose
Stacey,Harris
Kirk,Wilson
Jacob,Brown
Julie,Ward
Samantha,Gray
Tyler,Cooper
Marc,Frey
Jeff,Hernandez
Gary,Friedman
Bryan,Roberts
Madeline,Thomas
Sharon,Hudson
Jamie,Simon
Luke,Moore
Laura,Yoder
Jason,Shelton
William,Smith
Sheena,Rios
David,Lee
Jamie,Reyes
Melinda,Ford
Hannah,Harris
Kristina,James
Tonya,Solis
Austin,Taylor
Sarah,Barber
Jasmine,Haney
Daniel,Jones
Johnny,Knight
Timothy,Rice
Allison,Shaw
Nicholas,Martinez
Mary,Davis
Mary,Clark
Heather,Walker
Mary,Stewart
Michelle,Barajas
Nicole,Perry
Stephen,Brown
Deborah,Barnes
Emily,Carlson
Benjamin,English
Amanda,Davis
Kimberly,King
George,Blair
Anthony,Carpenter
Rebecca,Baxter
Jared,Haynes
Andrea,Allen
Meghan,Foster
Lauren,Smith
Louis,Baird
Matthew,Robinson
Michael,Perry
James,Howard
Paige,Hernandez
Geoffrey,Smith
Tina,Garcia
Julie,Wagner
Stephanie,Osborn
Donald,Mayo
Ashlee,Roberts
Luis,Kennedy
Jasmine,Calhoun
Charles,Tate
Jeffrey,Snyder
Christopher,Newton
Nicole,Roy
Melinda,Owens
Nathaniel,Fox
Cristian,Smith
Tracey,Shields
Rebecca,Moore
Andrew,Fuller
Robert,Williams
Lauren,Black
Jacob,Olson
Joanna,Frey
Sara,Long
Ellen,Miller
Sandra,Decker
Holly,Brennan
Lisa,Ochoa
Donald,Stewart
Sean,Payne
Nicholas,Hensley
Theresa,Holt
Kenneth,Lawrence
John,White
Gregory,Erickson
Crystal,Sanchez
James,Peters
Nicholas,Baker
Elizabeth,York
Tracey,Hill
Lauren,Brown
Laura,Chambers
Wayne,King
Daniel,Newman
Adam,Patterson
Nicholas,Williams
Christopher,Williams
April,Williams
Amy,Woods
Mary,Wilson
Scott,York
William,Welch
Justin,Kim
Maria,Moreno
William,Kerr
Matthew,Howard
Cheryl,Deleon
Anthony,Brock
Regina,Gutierrez
Jonathan,Shelton
Tammy,Merritt
Chad,Caldwell
Tyrone,Jackson
Meghan,Newman
Elizabeth,Chan
Matthew,Wong
Karen,Shea
Barbara,Norris
Patrick,Anderson
Daniel,Brown
James,Shaffer
Johnny,Sanchez
Charles,Martin
Jonathan,Dean
Chad,Reynolds
Spencer,Mcdonald
Amanda,Gates
Seth,Walls
Deborah,Olson
Keith,Vaughan
Robert,Harris
Nichole,Zimmerman
Andrew,Flores
Heather,Green
Brandon,Walton
Jason,Mathews
Amanda,Park
Dylan,Smith
Veronica,Gonzalez
Rachel,Lynch
Christy,Smith
Kristin,Jones
Spencer,Suarez
Theresa,Wilson
Michael,Huff
Timothy,Lambert
Jesse,Medina
William,Peters
Tyler,Carpenter
Shawn,Thomas
Patrick,Taylor
Anna,Miranda
Dawn,Martinez
Sergio,Torres
Anne,Hale
Terri,Brooks
Keith,Burns
John,Harmon
Scott,Sims
Marcus,Sellers
Mitchell,Grant
Michael,Hart
Stephen,Le
Diana,Flowers
Gerald,Stevens
Sandra,Neal
Jessica,White
William,Bennett
James,Schwartz
Jamie,Lawrence
Randy,Cruz
Destiny,Roberts
Johnny,Soto
Richard,Mccoy
Susan,Hawkins
Timothy,Nelson
Dustin,Ramirez
Janet,Calderon
Logan,Brown
Jason,Baird
Katelyn,Ramirez
Jonathan,Davis
Crystal,Reeves
Audrey,Hughes
Katherine,May
Thomas,Beard
Lisa,Fowler
Jennifer,Sanchez
Michael,Martinez
Marissa,Brown
Karen,Sellers
Jennifer,Harris
Jessica,Washington
Theresa,Fox
Paul,Doyle
Aaron,Moreno
Brandon,Frank
Michelle,Lambert
Steven,Williams
Danielle,Anderson
Joshua,Wright
David,Sweeney
Allen,Stuart
Ronald,Davidson
Tina,Weber
Crystal,Torres
Michael,Vaughn
Katie,Molina
Mark,Sandoval
Andrea,Riddle
Lauren,Simmons
Jim,Lucero
Ashley,Terry
Craig,Guerrero
William,Leon
Kristen,Lewis
Alexander,Carpenter
Suzanne,Glass
Mary,King
Steven,Hahn
Alison,Nelson
Kevin,Lang
Kelly,Soto
Tammy,Rodriguez
Mark,Mitchell
William,Fletcher
Jay,Montes
Kenneth,Kline
Christopher,Allen
Michael,Turner
Jerome,Carey
Rebecca,Keller
Denise,Kramer
Jennifer,Logan
Katie,Harper
Fernando,Brown
Jenny,Rose
Susan,Smith
Jessica,Shelton
Benjamin,Taylor
Nicholas,James
Mariah,Martin
Stanley,Oconnor
Mark,Morgan
Paul,Pope
Alicia,Newman
Tammie,Price
Patrick,Olson
John,Stevens
Angela,Cook
James,Gonzalez
Richard,Davis
Tammy,Gonzalez
Barbara,Carr
Laura,Scott
Mary,Hill
Thomas,Hudson
Lindsay,Harris
Elizabeth,Jones
Erin,Carlson
Isaiah,Hall
David,Anderson
Robert,Nelson
Brenda,Anderson
John,Miller
Janet,Love
Maria,Benitez
Alexander,Hardy
Andrea,Morales
Mackenzie,Bradley
Julia,Foster
Richard,Tate
Adrian,Cruz
John,Contreras
Heather,Santos
Janet,Brown
Michael,Hughes
Lisa,Wright
David,Reed
John,Elliott
John,Jones
Sara,Baker
Austin,Alexander
Chad,Morales
Nathan,Cummings
Beth,Kramer
Amanda,Poole
Russell,Ellis
Isaac,Rivera
Ian,Blackwell
Sheila,Ward
Michael,Ramirez
Linda,Russell
Melinda,Miller
Brandi,Henderson
Debra,Johnson
Jasmine,Greene
Johnny,Estes
Sherri,Davies
Jonathan,Lowe
Jerry,Morrison
Cassandra,Hess
Brenda,Gibbs
Andrea,Lambert
James,Stewart
Lauren,Rose
Cynthia,Foley
Benjamin,Stewart
James,Jackson
Linda,Johnson
Danielle,Ford
James,Russell
Jessica,Rowe
Alison,Moore
Charles,Morris
Mitchell,Rodriguez
Evelyn,Torres
Mark,Shepherd
Brian,Howard
Joseph,Duran
Regina,Jenkins
Dale,Holder
Jennifer,Baird
Christine,Lambert
Nathan,Mullen
Andrew,Wood
Kristie,Johnson
Melinda,Warren
Todd,Reyes
Dale,Baker
Lauren,Weber
Zachary,Bradford
Michael,Porter
Kenneth,Stein
Christopher,Schwartz
Michael,Escobar
Cody,Vazquez
Jessica,Conley
Megan,Burns
Christopher,Rose
Catherine,Green
Timothy,Walker
Maria,Meyer
Zachary,Smith
Susan,Mays
Kevin,Barber
Jennifer,Sullivan
Rodney,Mills
Lisa,Smith
Lisa,Douglas
Lori,Jones
Jennifer,Wilson
Sean,Mueller
Justin,Juarez
Holly,Padilla
Rachel,Barton
Jonathan,Davis
Keith,Harris
Steven,Simon
Stacey,Hall
Alexis,Williams
Bonnie,Wall
Adam,Blair
Kevin,Rogers
Melanie,Cain
Thomas,Gross
Frank,Hart
Garrett,Stewart
Anthony,Baker
Melissa,Perry
David,Murphy
Kimberly,Lee
John,Riley
Matthew,Ramirez
Rachel,Cruz
David,Waller
Nathaniel,Oliver
Peter,Sims
Donald,Turner
John,Swanson
Lindsey,Espinoza
Ashley,Reyes
Gregory,Hunt
Kaitlin,Mathis
Justin,Lopez
Luke,Elliott
Warren,Lewis
Scott,Wright
Emily,Lee
Vanessa,Wong
Gregory,Webb
Mark,Lara
William,Brown
Haley,Brown
Steven,Cruz
Mark,Smith
Jennifer,Pham
Amy,Smith
Michael,White
Brian,Jones
Carl,Soto
Brian,Lozano
Michelle,Boyd
Lawrence,Kaiser
Andrew,Goodman
Crystal,Sanders
Russell,Anderson
Travis,Acosta
Amy,Beard
Drew,Curry
Cassandra,Reyes
Krista,Oliver
Tracy,Jones
Glenn,Welch
Kara,Wyatt
Beverly,Stokes
George,Rodriguez
Eric,Lynch
Maria,Patel
Joe,Wilson
Eric,Gill
Deborah,Duncan
Stacy,Stout
Shawn,Delacruz
Susan,Lewis
Donna,Sutton
Donald,Nguyen
Phyllis,Hood
Carmen,Scott
Adam,Saunders
Crystal,Chan
Gary,Mejia
Amy,Colon
Theresa,Patterson
Julie,Henson
Andrea,Aguilar
Jennifer,Sandoval
David,Simon
Joseph,Hanson
Scott,Smith
Robert,King
Christopher,Foster
Barbara,Flores
Erika,Kelly
Chelsea,Clark
Peter,Marshall
James,Bradley
Timothy,Deleon
Tanya,Ross
Mary,Smith
William,Robinson
Kimberly,Davila
Larry,Walker
Loretta,Sutton
Brittany,Miller
Michael,Zimmerman
Dustin,Nelson
Derek,Martinez
Jennifer,Moreno
Jerry,Rhodes
John,Perez
John,Mcclure
Michael,Acosta
Stephen,Lee
Lisa,Collins
Christy,Johnson
Samantha,Massey
Monica,Poole
Caleb,Murray
James,Patterson
William,Munoz
Kimberly,James
David,Diaz
Lisa,Carrillo
Amanda,Williamson
Anthony,Sweeney
Courtney,Contreras
Jeffrey,Perez
Victoria,Turner
Monica,Nielsen
Sandra,Chapman
Jay,Coleman
Jason,Smith
Oscar,Fisher
Jeremy,King
Thomas,Soto
John,Figueroa
Raymond,Wilson
Hector,Bradley
Katherine,Carlson
Mark,Ward
Danielle,Curry
Jose,Little
Denise,Rodriguez
Brenda,Brown
Krista,Larsen
Benjamin,Yoder
Jade,Brock
Jack,Martin
Dawn,Owens
Lindsey,Garcia
Debra,Rodriguez
David,Morris
Ricky,Green
James,Green
Michael,Sullivan
Angela,Russell
Jason,Jarvis
Rachel,Poole
Yvonne,Lee
Mike,Dennis
Thomas,Gordon
Christopher,Washington
Paul,Hanson
Deborah,Johnson
John,King
Anthony,Leonard
Charles,Ramirez
Nicole,Ward
Daniel,Compton
Roy,Townsend
David,Long
Gregory,King
Sarah,Manning
Philip,Jimenez
George,Jones
Raven,Davis
Christy,Baker
Jerry,Brown
Ian,Frazier
Carolyn,Morgan
Tracy,Davis
Carla,Griffin
Tyler,Mills
Travis,Bailey
Sean,Chapman
Keith,Roberts
Donna,Carroll
Bruce,Newman
Kristina,Singleton
Lisa,Barnes
Keith,Rice
Angelica,Martinez
Joseph,Taylor
Kelli,Cole
Johnny,Larson
Katelyn,Randall
Alexis,Galloway
Sharon,Romero
Taylor,Frye
Yolanda,Cook
Kirsten,Martinez
Shawn,Reed
Vanessa,Stewart
Sonya,Holden
Alexander,Diaz
James,Herrera
Jeffrey,Castillo
Lacey,Harrison
Frederick,Cooper
Julie,Taylor
Spencer,Smith
Nicole,Johnson
Patricia,Chavez
Sarah,Avery
Jeffrey,Wyatt
April,Smith
Cheryl,Campbell
Larry,Allen
Nicole,Bartlett
William,Leonard
Kathy,Meyers
Paige,Winters
Carlos,Davis
Michael,Simmons
Angela,Mcclain
Bradley,Lopez
Marvin,Lang
Amber,Wilkinson
Courtney,Wood
Crystal,Cooper
Alicia,Bowman
Cindy,Stephenson
Michelle,Wyatt
Mary,Ochoa
Jonathan,Charles
Judy,Perkins
Diana,Jefferson
Crystal,Peterson
Allison,Taylor
Candice,Barry
Gary,Reed
Ruth,Cooper
Tim,Lee
Sheri,Mann
Joyce,Nunez
Charles,Galloway
Stephen,Watson
James,Mathis
Ashley,Grant
Amanda,Petersen
Heather,Simon
Ryan,Miller
Donald,Chang
Michele,Cervantes
Nancy,Harmon
James,Brown
Kimberly,Burton
Steven,Humphrey
David,Burton
Adam,Collins
Zachary,Hale
Stephen,Hernandez
Maria,Silva
Maria,Powell
Jay,Harris
Robert,Green
Tiffany,Hall
James,Arnold
Bailey,Flores
John,Graves
Brian,Howard
Jonathan,Garcia
George,Martin
Tommy,Monroe
James,Davies
Miguel,Davis
Timothy,Wiggins
Tyler,Cook
Charles,Davis
Dana,Kelly
Jeffrey,Murphy
Amy,Phillips
Elizabeth,Patel
Ruth,Martinez
Taylor,Scott
Brent,Riddle
Gail,Stewart
Jennifer,Decker
Aaron,Harris
Antonio,Camacho
Kelsey,Jones
Alicia,Hayes
Brittany,Mullen
Allison,Cook
Austin,Thomas
Tammy,Hill
Vanessa,Howell
Michael,James
Miguel,Smith
George,Benitez
Benjamin,Jones
Samantha,Robertson
Jennifer,Ortiz
Morgan,Robinson
Barbara,Decker
George,Macdonald
Laura,Rodriguez
Theresa,Roberts
Jeffrey,Joseph
Stephen,Allen
Cody,Bailey
Shannon,Porter
Robert,Robinson
Rebecca,Jones
Timothy,Hunter
Brian,Webb
John,Smith
Michael,Summers
Becky,Molina
April,Villanueva
Kyle,Flores
Tyler,Harper
James,Foster
Jerry,Watson
Maria,Green
Michelle,Johnson
Amy,Thomas
Andrew,Reynolds
Barbara,Jimenez
David,Cardenas
Melanie,Hines
Christopher,Flowers
Theresa,Smith
Rebecca,Wood
Joshua,Nicholson
Charles,Wood
James,Martin
John,Wood
Bob,Perry
Cassandra,Ward
Shawn,Molina
Walter,Garcia
Kevin,Jimenez
Angela,Schroeder
Caleb,Franklin
Jordan,Gaines
Jill,Schaefer
Charles,Smith
Michael,Johnson
Autumn,Hudson
Leonard,Black
Richard,Howard
Monica,Torres
Carol,Moore
Nicole,Yates
Kathryn,Miller
Eric,Johnson
Russell,Frazier
Linda,Sanchez
Jason,Alvarez
Gina,Whitehead
David,Rodriguez
Anna,Cantrell
Ashley,Anderson
Kevin,Harris
Angela,Lowery
Lisa,Rodriguez
Monica,Brooks
Robert,Bryant
Christopher,Meza
Kevin,Navarro
Michael,Perez
Jared,Adams
Jeffrey,Campbell
James,Zimmerman
Chelsea,King
Maria,Banks
Joseph,Blevins
Raymond,Landry
Tyler,Mitchell
Brian,Dean
Bryan,Kelley
Jessica,Sanchez
Samuel,Reynolds
Jorge,Hart
Mathew,Miller
David,Murray
Lori,Chandler
Brian,Rush
Sandra,Sandoval
James,Marshall
Andrea,Mccormick
Colleen,Frederick
Tonya,Gordon
Tyler,Miller
Lisa,Parker
Timothy,Moore
Jennifer,Davis
Richard,Wood
Martha,Perez
Lindsay,Diaz
Mark,Watts
Vincent,Rodriguez
Victoria,Grant
Michael,Johnson
Matthew,Tucker
Timothy,Williams
Linda,Fritz
Steven,Wood
Jennifer,Bell
Alicia,Bennett
Tracy,Cook
Francis,Ritter
Jill,Kennedy
Alexander,Hays
Devon,Wilson
Kelly,Rogers
Brittany,Thomas
John,Mclaughlin
John,Brewer
Amanda,Lane
Mallory,Davis
Breanna,Richardson
Jason,Sanchez
Amy,Rowe
Michelle,Gonzalez
Amanda,Ramirez
Lori,Williams
Tami,Bond
John,Martinez
Elizabeth,Walter
Michelle,Glass
Ruben,Schmidt
Alexis,Jenkins
James,Harper
Andrew,Harris
Angela,Brown
Joshua,Schwartz
Jason,Smith
Michelle,Garza
Tiffany,Phillips
Christian,Powell
Christopher,Roy
Christopher,Cooper
Karen,Anderson
Dawn,Glover
Brian,Pratt
Rachel,Roth
Brittany,Anderson
Linda,Cherry
Jeremy,Davis
David,Yates
Arthur,Hernandez
Kayla,Blair
Kathleen,Marshall
Sara,Mitchell
Christopher,Colon
Kathleen,Robinson
Amanda,Mullins
Jennifer,Murphy
James,Schroeder
Ricardo,Jones
Lisa,Berg
Joseph,Curtis
Connie,Morales
Rebecca,Ward
Jeremy,Hall
Mary,Martin
Mary,Miller
Joshua,Little
Martha,Parker
Michael,Meza
Destiny,Melton
Jennifer,Griffin
Kimberly,Fisher
Megan,Park
Kendra,Adams
Bobby,Rodgers
Michael,Smith
Jon,Stokes
Laura,Jones
Kiara,Mccarthy
Jessica,Torres
Ronald,Fields
Jonathan,Delgado
Thomas,Rogers
Martin,Crawford
Jesse,Santos
Katie,Spencer
Erin,Taylor
Jenna,Whitaker
Robert,Smith
Theresa,Stephens
Aaron,Hernandez
Kevin,Rodriguez
Holly,Salazar
Beth,Gonzalez
Jessica,George
Willie,Miller
Krista,Peterson
Carolyn,Griffith
Amanda,Johnson
Sean,Rodriguez
Samantha,Cain
Sara,Christian
Leonard,Freeman
Robert,Ford
Emily,Martin
Edward,Mills
Ryan,Garcia
Mary,Sharp
Katie,Shelton
Tasha,Bell
Diamond,Johnson
Daniel,Bush
Nicholas,Salazar
Timothy,Moss
Elizabeth,Brown
Arthur,White
Christopher,Carroll
Tracy,Walter
Arthur,Little
Nicholas,Moyer
Sarah,Cordova
Kayla,Norris
Daniel,Anderson
Justin,Johnson
Jennifer,White
Monique,Sexton
Debbie,Gutierrez
Kevin,Cruz
Julia,Hunter
Kim,Hardy
Douglas,Duncan
Stacey,Wright
Wanda,Thomas
Sherri,Washington
Valerie,Brewer
Melissa,Church
Julie,Terry
Joseph,Sanchez
Stacey,Morton
Kristy,Guerra
Jeanette,Nash
Samuel,Becker
Michelle,Mcgrath
Barbara,Young
Jonathan,Pope
Randall,Wood
Cynthia,Wise
Beth,Richardson
David,Brown
Melanie,Gomez
Rachel,Herring
Alexandria,Hunt
Amanda,Jackson
Jason,Anderson
Ian,Barrera
Anthony,Lamb
Christopher,Hill
Denise,Parrish
Michelle,Ferguson
Kathleen,Reyes
Sarah,Prince
Lauren,Leonard
Amber,Summers
Thomas,Hicks
Terri,Bean
Timothy,Bryant
Ryan,Freeman
Robin,King
Christopher,Snyder
Michael,Manning
Ann,Butler
Veronica,Montgomery
Kevin,Landry
Ashley,Dillon
Curtis,Williams
Seth,Carroll
Erica,Sloan
Linda,Baker
Noah,Garrison
John,Smith
Heather,Wilkerson
Anthony,Moore
Russell,Lewis
William,Dixon
Christina,Tyler
Amanda,Fletcher
Joshua,Ponce
Michael,Baird
Ryan,Taylor
Katie,Davis
Amanda,Reed
Susan,Chambers
Kelli,Hayes
Jordan,Mcbride
Pamela,Perez
Benjamin,Reyes
Jamie,Brown
William,Simmons
Nathaniel,Sanders
Garrett,Ward
Tara,Flores
Paul,Mcgrath
Pamela,Marshall
Timothy,Walker
Beth,Hughes
Chelsea,Kennedy
Jesse,Johnson
William,Richardson
Teresa,Hart
